<?xml version="1.0" encoding="UTF-8"?>
<beans xmlns="http://www.springframework.org/schema/beans"
 xmlns:xsi="http://www.w3.org/2001/XMLSchema-instance"
 xmlns:aop="http://www.springframework.org/schema/aop"
 xsi:schemaLocation="http://www.springframework.org/schema/beans 
     http://www.springframework.org/schema/beans/spring-beans.xsd
     http://www.springframework.org/schema/aop
     http://www.springframework.org/schema/aop/spring-aop.xsd">

  <bean id="eddie"
      class="com.samsung.samsunggottalent.Instrumentalist">
    <property name="instrument">
      <bean class="com.samsung.samsunggottalent.Guitar" />
    </property>
  </bean>

  <!-- <start id="audience_bean" /> -->
  <bean id="audience" 
      class="com.samsung.samsunggottalent.AroundAudience" />
  <!-- <end id="audience_bean" /> -->

  <!-- <start id="audience_aspect" /> -->
  <aop:config>
    <aop:aspect ref="audience">
      <aop:pointcut id="performance" expression=
          "execution(* com.samsung.samsunggottalent.Performer.perform(..))" 
          />

      <aop:around 
          pointcut-ref="performance" 
          method="watchPerformance" />
    </aop:aspect>
  </aop:config>
  <!-- <end id="audience_aspect" /> -->

</beans>
