<?xml version="1.0" encoding="UTF-8"?>
<beans xmlns="http://www.springframework.org/schema/beans"
 xmlns:xsi="http://www.w3.org/2001/XMLSchema-instance"
 xmlns:aop="http://www.springframework.org/schema/aop"
 xsi:schemaLocation="http://www.springframework.org/schema/beans 
     http://www.springframework.org/schema/beans/spring-beans.xsd
     http://www.springframework.org/schema/aop
     http://www.springframework.org/schema/aop/spring-aop.xsd">

  <bean id="volunteer" 
      class="com.samsung.samsunggottalent.Volunteer" />
  <bean id="magician" 
      class="com.samsung.samsunggottalent.Magician" />
  
<!--<start id="mindreading_aspect"/>--> 
  <aop:config>
    <aop:aspect ref="magician">
      <aop:pointcut id="thinking" 
        expression="execution(* 
        com.samsung.samsunggottalent.Thinker.thinkOfSomething(String)) 
             and args(thoughts)" />
          
      <aop:before 
          pointcut-ref="thinking"
          method="interceptThoughts" 
          arg-names="thoughts" />
    </aop:aspect>
  </aop:config>
<!--<end id="mindreading_aspect"/>-->

</beans>
